INSERT into Cliente (codcliente, email, nome,  rg, rua, cidade, numrua) VALUES 
(01, 'ACARDOSO@NOVATEC.COM.BR', 'ANDRE CARDOSO', 200774890, 'RUA DO GRITO', 'Fortaleza', 477),
(02, 'MANDRADE@NOVATEC.COM.BR', 'MARCOS ANDRADE', 338627017, 'AV. BRASIL', 'Aracati', 069),
(03, 'MSILVA@NOVATEC.COM.BR', 'MARIA DA SILVA', 389773645, 'RUA DOS CRAVOS', 'Aracati', 587),
(04, 'TSOUZA@NOVATEC.COM.BR', 'TATIANA SOUZA', 468238992, 'RUA DO IMPERADOR', 'Mossoro', 123),
(05, 'MFONSECA@NOVATEC.COM.BR', 'MARIANA DA FONSECA', 165980187, 'RUA DA UNIVERSIDADE', 'Fortaleza', 348),
(06, 'DORALBUQUERQUE@GMAIL.COM', 'DORALICE ALBUQUERQUE', 337310026, 'RUA DA ALEGRIA', 'Limoeiro', 783),
(07, 'LARISSAMALBUQUERQUE@GMAIL.COM', 'LARISSA MENDES', 429085072, 'RUA DO IMPERADOR', 'Mossoro', 082),
(08, 'JOSUEMENDES@GMAIL.COM.BR', 'JOSUE MENDES', 399783654, 'RUA DA ALEGRIA', 'Limoeiro', 764),
(09, 'CECILIAMARIA@UFC.BR', 'CECILIA MARIA', 294854459, 'RUA DO DESESPERO', 'Limoeiro', 276),
(10, 'JOAODEDEUS@UFBD.COM.BR', 'JOÃO DE DEUS', 429085072, 'RUA DA UNIVERSIDADE', 'Fortaleza', 382);

INSERT into Funcionario (codFuncionario,tipoFuncionario,nome,Login,Senha) VALUES 
('F21','RECEPCIONISTA','MARIA MENDES','MENDESMA','Q6SRXCICUF'),
('F10','RECEPCIONISTA','LARISSA CAVALHO','CAVALHOLA','MCDT1I0P7Z'),
('F12','CARREGADOR','JOÃO DOS SANTOS','SANTOSJD','03JA9QCIJX'),
('F02','GERENTE','VITOR BARBOSA','BARBOSAVI','70SQIGTQIF'),
('F06','CARREGADOR','JOAQUIM NUNES','NUNESJOA','XWH0G996P7'),
('F03','CAMAREIRA','VITORIA NASIMENTO','NACIMENTOV','WG05G0MI8W'),
('F13','CAMAREIRA','LAURA BRITO','BRITOLR','65MPMUW6C5'),
('F07','CAMAREIRA','DAVID ARAUJO','ARAUJOD','BZRIPYIOTY'),
('F01','GERENTE','VANDE WELITON','WELITONVD','LG5CBB2OK1');

INSERT into Reserva (codcliente, codReserva, formaPagamento,  status, codFuncionario) VALUES 
(01, 'R01','AVISTA','ABERTO','F21'),
(02, 'R22','PARCELADO','ABERTO','F10'),
(03, 'R10','PARCELADO','ABERTO','F10'),
(04, 'R14','PARCELADO','FECHADO','F02'),
(05, 'R65','AVISTA','FECHADO','F21'),
(06, 'R47','AVISTA','ABERTO','F02'),
(07, 'R12','AVISTA','FECHADO','F02'),
(08, 'R63','PARCELADO','ABERTO','F21'),
(09, 'R04','AVISTA','FECHADO','F01'),
(10, 'R09','AVISTA','FECHADO','F01');

INSERT into Dependente (nome, codFuncionario, codDep) VALUES
('MARIA MENDES','F21','D12'),
('LARISSA CAVALHO','F10','D100'),
('JOÃO DOS SANTOS','F12','D21'),
('VITOR BARBOSA','F02','D20'),
('JOAQUIM NUNES','F06','D60'),
('VITORIA NASIMENTO','F03','D30'),
('LAURA BRITO','F13','D31'),
('DAVID ARAUJO','F07','D70'),
('VANDE WELITON','F01','D10'),
('HONY WISLEY','F13','D11');

INSERT into Fdependentes(codFuncionario, fcodDep) VALUES
('F21','D10'),
('F10','D10'),
('F12','D20'),
('F02',''),
('F06','D20'),
('F03','D10'),
('F13','D10'),
('F07','D20'),
('F01','');

INSERT into Telefone (Telefone_PK, codCliente) VALUES
(987068994,01),
(980734933,02),
(998374296,03),
(996881988,04),
(976863375,05),
(989681171,06),
(983372217,07),
(992506993,08),
(973414299,09),
(996333251,10);

INSERT into Despesas(data, codConsumo, valorConsumido, codCliente) VALUES
('09/09/2013','C0692097',1100,01),
('26/09/2014','C6598013',1554,02),
('17/05/2014','C0882249',2083,03),
('06/05/2014','C5825441',970,04),
('12/07/2014','C2703495',830,05),
('03/08/2013','C4931429',1342,06),
('12/07/2013','C5436218',984,07),
('30/09/2012','C5581306',759,08),
('28/02/2012','C8470284',3241,09),
('25/02/2013','C6890731',2776,10);

INSERT into Quarto (codQuarto, valorDiaria, qtdHospede, tipoQuarto, numQuarto, codReserva, dataChegada, dataSaida) VALUES
('Q12',700,5,'SUITE',23,'R01','09/09/2013','20/09/2013'),
('Q14',500,3,'NORMAL',25,'R22','26/09/2014','10/10/2014'),
('Q47',500,3,'NORMAL',15,'R10','17/05/2014','30/05/2014'),
('Q63',500,3,'SUITE',51,'R14','06/05/2014','15/05/2014'),
('Q02',700,5,'SUITE',33,'R65','12/07/2014','24/07/2014'),
('Q01',700,5,'SUITE',44,'R47','03/08/2013','21/08/2013'),
('Q75',500,3,'NORMAL',49,'R12','12/07/2013','02/08/2013'),
('Q69',700,4,'NORMAL',32,'R63','30/09/2012','28/10/2012'),
('Q23',500,4,'NORMAL',81,'R04','28/02/2012','12/03/2012'),
('Q32',500,4,'NORMAL',58,'R09','25/02/2013','10/03/2013');

